ID,FirstName,LastName
1001855,Louise,Raffa
1011500,Jesus,Evans
1029101,John,Garcia
1033252,Carole,Marrero
1069610,Joshua,Stevens
1071558,Kimberlee,Guay
1073030,Angela,Ore
1077801,Kathleen,Aycock
1084733,George,Huntley
1103589,Mary,Lanier
1105413,George,Cochran
1116563,James,Brickley
1133652,Joshua,Cox
1138817,Patrick,Delgadillo
1143368,Clarence,Spencer
1143810,Debra,Therrien
1151496,Kenneth,Herring
1163709,Tina,Moser
1166275,John,Hill
1183558,Rebecca,Maco
1186655,Anthony,Pein
1192214,Brooke,Ma
1199234,Donald,Workman
1199896,John,Mayer
1200600,Albert,Bristle
1211072,Mark,Balensiefen
1224087,Elizabeth,Kint
1233011,Jim,Spratley
1236210,Stacy,Burger
1248626,Robert,Eley
1254035,Theresa,Larsen
1274535,Michael,Vest
1290104,Todd,Smith
1299284,James,Willett
1315110,James,Rapp
1320781,Linda,Largent
1321881,Christina,Kittell
1347379,Anthony,Gorski
1352965,Susan,Hubbard
1364116,Eliza,Dietrich
1381553,Marie,Kipp
1385974,Erica,Hilliard
1390155,Stephanie,Ambrose
1396357,Joseph,Witmer
1396903,Jodie,Song
1403271,Julie,Cox
1407141,Simona,Burks
1415513,James,Stroud
1422426,Warren,Halasz
1430567,James,Ingram
1435780,Jill,Montgomery
1450968,Rebecca,Arnold
1473494,Don,Tabb
1477540,Andrea,Teeter
1481116,Annette,Onks
1482712,Elizabeth,Burkholder
1492652,Steven,Pitts
1494866,Lara,Williams
1499553,Laura,Pine
1503925,Deborah,Sirmons
1510027,Robert,Grimes
1537729,Lisa,Okuhara
1542095,Patricia,Zant
1550473,Joe,Cowels
1551910,Jason,Bruner
1557184,Charles,Hill
1569102,Vilma,Williams
1570954,Vicky,Mcgee
1571404,John,Johnson
1571774,Kayla,Finney
1573992,Janette,Macneil
1583028,Missy,Spears
1602666,Mark,Kershaw
1611047,Karen,Phillips
1620458,Clement,Gray
1637847,Christina,Parker
1638439,Jack,Jackson
1646555,Mark,Lambert
1646813,John,Swain
1647569,Mark,Heath
1661443,Mary,Longoria
1677342,Virginia,Hunter
1681140,Robert,Rodriguez
1684227,Mary,Rubio
1705360,Moses,Pagan
1705424,Arden,Millender
1708891,Alphonse,Harris
1713447,Joe,Wiersma
1721625,Janie,Piirto
1733939,Camille,Mcknight
1765154,Sherri,Flint
1782671,Robert,Kennedy
1788346,Gerald,Hubbard
1789785,Thomas,Espitia
1795833,Mark,Hendrickson
1800212,Thaddeus,Meehan
1802977,Micah,Justice
1826211,Felisa,Marlin
1826897,John,Frederick
1830339,Leroy,Skidgel
1854231,Chauncey,Hopkins
1858064,Ian,Andrus
1861541,Alvin,Ogle
1862642,Arthur,Hall
1863033,William,Finn
1881240,Carma,Diaz
1881998,Victoria,Mccarthy
1899052,Ronald,Rosa
1908495,Robert,Otani
1910547,Martha,Williams
1935681,John,Littles
1946239,Alonzo,Stonecipher
1956420,Jenny,Williamson
1967084,Basil,Majewski
1968251,Martha,Brown
1973103,Shirley,Stephens
1977991,Walter,Marshall
1988470,Sonya,Ryder
1993012,Richard,Frick
1999845,Erik,Wilburn
2018355,Gary,Dalrymple
2022312,Eleanor,Kelly
2028770,David,Detrolio
2059530,Abraham,Vrba
2067017,David,Dudley
2072853,Ricky,Thomason
2076845,Robin,Winnen
2078979,Alvin,Williams
2088400,Bruno,Smith
2088854,Thomas,Tucker
2102010,Larry,Nelson
2103967,Wesley,Chason
2111563,Carol,Herrera
2112160,Estelle,Reyes
2123765,Rose,Morales
2136616,Leora,Goyne
2168501,Arturo,Cummings
2175765,Nicholas,Floyd
2182209,Eula,Walters
2187579,Sheila,Wilson
2189199,Beth,Thomas
2189967,Art,Joyner
2215429,Mary,Rubinstein
2216950,Kiera,Salak
2228020,Lindsey,Francisco
2260520,Larry,Lamboy
2285550,Rebecca,Miles
2301495,Linda,Smith
2306139,Kenneth,Levar
2307682,Ernest,Corp
2343428,Michael,Young
2350513,Dan,Jensen
2354953,Edward,Kahola
2376253,Robert,Blair
2380251,Roxanna,Williams
2401422,Steven,Mccowin
2410123,Julie,Harris
2412343,David,Frank
2417062,Jake,Simmons
2427540,Delmar,Hernandez
2440581,Kevin,Reid
2441481,Alexander,Justus
2444073,Chad,Burton
2448837,Cameron,Clark
2457379,Daniel,Perry
2475683,Dorothy,Lannier
2477996,Rachel,Solomon
2482479,Meghan,Wilson
2486806,Al,Holland
2491981,Jonathon,Rodriguez
2505338,Amelia,Flanagan
2505546,Christie,Soto
2507108,Alisa,Freese
2513353,Gladys,Rochon
2517633,Richard,Martinez
2529233,Mildred,Sanmiguel
2565544,Marvin,Carper
2576447,Lamar,Nevins
2578477,Robert,Clark
2580049,Kristie,Jones
2588845,Bruce,Denney
2590364,Allen,Case
2594766,Matthew,Magee
2599411,Bonnie,Kaupp
2603680,Alfredo,Taylor
2620243,Art,Mcmorris
2625704,Adrienne,Hixson
2636101,Richard,Turner
2702466,Franklin,Woods
2712172,William,Casey
2725515,Guillermo,Sandow
2730363,Nicole,Smith
2731853,Therese,Hudley
2735369,Mildred,Morales
2735605,Velma,Wilson
2736765,Matthew,Vickers
2747531,Marlene,Johnson
2760453,Lajuana,Bell
2764365,Laurence,Slack
2765562,Arthur,Wickstrom
2785622,Daniel,Robson
2790948,Sandra,Tibolla
2807024,Jose,Bolds
2808930,Maria,Stokes
2813030,David,Park
2816348,Ralph,Crow
2833144,Anna,Quirion
2836185,Betsy,Dugan
2836402,Mary,Conti
2843322,Laura,Fetterman
2852014,Deandra,Younce
2857178,Laura,Gibbons
2860301,Nicholas,Hitzeman
2864213,Judith,Hernandez
2867414,Marie,Johnson
2881487,Maria,Huerta
2882720,Mayra,Gee
2908400,Edward,Way
2921398,Byron,Rector
2939302,Ronald,Porter
2943507,Melissa,Kalb
2946355,Michelle,Chase
2963411,Destiny,James
2971730,Larry,Hood
2976163,John,Stigers
2983387,James,Valdes
2999925,Charles,Marsingill
3001709,Pamela,Zamora
3022661,Jesus,Drake
3025349,Kyung,Esquibel
3027498,Wanda,Merritt
3040772,Nancy,Wyatt
3046500,George,Walker
3052818,Stanley,Collier
3060238,Beatrice,Williemae
3064452,Joy,Dafoe
3065116,Lynnette,Lyles
3079367,Anne,Hawkins
3099069,Marc,Worthington
3109311,Eric,Larkin
3117436,Mary,Powers
3129062,David,Tibbs
3129848,Edward,Dimiceli
3137354,Andres,Smith
3167258,Paul,Wilkins
3172152,David,Christensen
3173543,Susan,Hauser
3176854,Daniel,Taylor
3178856,Jennifer,Haugen
3181322,Robert,Lemus
3185488,Abigail,Mecca
3190419,Arnold,Kirkwood
3204059,Leon,Pacific
3210219,Teresa,Cummins
3212463,Carolynn,Rost
3216676,Edward,Ferguson
3235283,Christopher,Hasty
3238129,Andrea,Keene
3241819,Paula,Girard
3250837,Betsey,Mclain
3267150,Leo,Mclane
3268228,Belinda,Riley
3305743,Nathan,Morales
3309242,Douglas,Knudsvig
3327507,Mary,Hacker
3371049,Beulah,Dotson
3372591,Helen,Oliver
3381797,Shelley,Caudle
3389412,Ruth,Valentine
3390449,Page,Session
3418392,Jerry,Right
3424606,Laura,Clark
3425972,Corey,Jones
3426522,Jessie,Rosales
3431855,Danielle,Cribb
3462990,Matthew,Torres
3485948,Bryan,Wilhoite
3502768,Angelica,Ibanez
3520042,Matthew,Herod
3522076,David,Jung
3527752,Yvonne,Broadfoot
3528473,Doris,Kennedy
3536537,Leticia,Harris
3537434,Naomi,Cahill
3552502,Patrica,Bleiweiss
3559136,Kristopher,Tonn
3565323,Lori,Everett
3568527,Sue,Robertson
3573367,Monika,Vega
3578324,Christine,Washington
3579820,Rosendo,Hodge
3581753,Dolores,Fisher
3589882,Cheryl,Macneil
3598062,Bruce,Loucks
3605328,Betty,Lemons
3619775,Virginia,Otero
3621237,Verna,Starks
3631893,Barry,Snively
3639526,Maureen,Malone
3642010,Krystal,Wentz
3650159,Charlene,Jensen
3667794,Donald,Green
3686706,Eric,Hullinger
3693198,Alan,Gomez
3693507,Ernest,Gentles
3701046,Sharon,Nickels
3703099,Mary,Thomas
3712702,Emily,Shelton
3718950,Ena,Wilkerson
3723101,Daniel,Silva
3738884,Brenda,Overman
3745025,Diane,Robinson
3755977,Deborah,Black
3767422,Michael,Transou
3769717,Zachary,Lucas
3779067,Charles,Brandt
3791105,Amy,Hardy
3792808,Irene,Patel
3793902,Bonnie,Atterberry
3807637,Matthew,Rokus
3812365,Gerald,Spencer
3813213,Lyle,Murphy
3825306,Barbara,Roberts
3838380,Joseph,Coleman
3841309,Don,Ellis
3877381,Michael,Hall
3877928,Wanda,Garcia
3880717,Eddie,Kraft
3885505,Jodie,Rutter
3895438,Dwayne,Welter
3899337,Delaine,Hoy
3941097,Stella,Chung
3954153,Marcus,Surratt
3966759,Oscar,Young
3970970,Edna,Kivett
3972516,Mary,Jandreau
3973697,Lisa,Hankins
3984645,Susan,Haines
4003508,Elizabeth,Evangelista
4008529,Timothy,Reyes
4010813,Lester,Kinsler
4010969,Mary,Heng
4017595,Wade,Neil
4026719,Lorelei,Frank
4042691,Anthony,Weible
4046699,Ike,Azevedo
4060243,Rodolfo,Ellingson
4118325,James,Kraft
4126450,William,Whitney
4129925,Barbie,Amari
4136118,Marcus,Clements
4141975,Eddie,Durham
4145928,Bruce,Jones
4147568,Naomi,Beattie
4153582,Timothy,Wright
4163487,Brett,Lopez
4168894,Michael,Watson
4171162,Lester,Smith
4186644,Patricia,Seutter
4191288,Erika,Henry
4210995,Michael,Williams
4224849,Edgar,Riston
4226445,Elva,Tompkins
4242697,George,Robinson
4249886,Carmen,Reed
4253006,Tammie,Kramer
4271382,Charles,Miller
4290536,Cristina,Coffin
4291804,Rigoberto,Dolan
4328447,Aurea,Lobendahn
4340990,Nathaniel,Labossiere
4342789,Bruce,Owens
4358603,Dong,Racki
4362014,Kellie,Melton
4368364,Bryan,Sinclair
4376119,Lori,Ivey
4387092,Merle,Lingerfelt
4388899,Carroll,Trujillo
4402982,Patrick,Reynolds
4407487,May,Smith
4408850,Michael,Swinney
4427375,Jeffrey,Maxwell
4438072,Mary,Yang
4457703,Kathryn,Mcgrath
4471579,Frank,Self
4492853,Jeanette,Stroik
4515728,Donna,Cope
4532798,John,Williams
4537131,Margarita,Lucas
4540088,Justin,Snyder
4548299,Frank,Coleman
4550072,Albert,Theus
4564639,Carmen,Scrivner
4575421,Alice,Burns
4585748,Sarah,Wilbanks
4606965,Arnold,Hall
4622159,Joel,Mckie
4624438,Steven,Cuomo
4626475,Robert,Rushing
4631138,Shirley,Williams
4643399,Mary,Barnes
4647751,Patrick,Gonzales
4654199,Jose,Norris
4654716,Marie,Anderson
4667673,Janet,Schlottmann
4671086,Irene,Briggs
4692589,Norman,Banks
4725427,Shari,Noble
4729911,Russell,Sheppard
4737892,Oren,Hayman
4738958,Delia,Morgan
4764276,Scott,Wilson
4774623,Lester,Wilcutt
4777573,Dana,Robinson
4780391,John,Moorefield
4788921,Oscar,Wurster
4798306,Betty,Dillion
4801653,Kim,Wigington
4822490,Cody,Roy
4827928,Tynisha,Gleeson
4857294,Mike,Perry
4861866,Diane,Segovia
4865998,James,Provost
4877489,Karen,Adkins
4889109,Mark,Davidson
4904136,Anna,Davis
4904536,Robert,Tovey
4912396,John,Bertholf
4914834,Lindsay,Anderson
4919969,Lisa,Campbell
4929350,Jeffrey,Bell
4949191,Esther,Leclair
4974055,Ryan,Davis
4978371,Vera,Dyer
4994928,John,Robinson
5004650,Marcia,Gibson
5010711,Christopher,Lambert
5012349,Michael,Enriquez
5015586,Teresa,Nelson
5021639,Leon,Olivares
5027254,Roseann,Washington
5044083,Irene,Green
5045381,Jamie,Hinckley
5061545,Grace,Botello
5078216,Megan,Brown
5078372,Pamela,Parton
5092848,Debora,Martin
5107933,Patti,Wilson
5123287,Alfredo,Muir
5142887,Patricia,Lum
5146010,Sharon,Mayhugh
5148093,John,Miguel
5156435,Laura,Mccready
5160057,Chiquita,Mattis
5178481,Jose,Pennock
5207889,Paula,Alicea
5219176,Neal,Moore
5223435,Margaret,Cervantes
5237201,Sylvia,Newell
5239899,Stella,Moldenhauer
5240443,Rita,Mast
5246523,Ruby,Benchoff
5258180,Julie,Kelley
5266032,Jeffrey,Mull
5268184,Judy,Luciani
5279548,Thomas,Nelson
5289203,Marylin,Sharp
5293574,Jennifer,Hukill
5302765,Sharon,King
5308761,Rebecca,Rodriguez
5327314,Evelyn,Carl
5328085,Robbie,Stripling
5332492,Matthew,Thomas
5334010,David,Mccarthy
5343276,Mary,Helmer
5345726,Cheryl,Blount
5358220,Matthew,Dickerson
5377822,Mandi,Graham
5381021,Wilma,Asmus
5381655,Lorna,Midgette
5385198,Alden,Townley
5390571,Anthony,Durkee
5395426,James,Riley
5397403,Linda,Mckay
5400433,Brad,Lewis
5402847,John,Reeves
5403700,Everett,Cook
5407917,Gladys,Stillwell
5420865,Stephanie,Svobodny
5451369,Christopher,Rhodes
5455269,Karen,Alaibilla
5471193,Martha,Herrera
5471647,Lynda,Damm
5489982,Kevin,Slaten
5498874,Donna,Lugo
5501120,Laura,Ivy
5501557,Edward,Delisle
5506593,James,Hoang
5558212,Justin,Woods
5563593,Ashley,Burnette
5565035,George,Spicer
5577420,Eva,Marino
5581861,William,Nathaniel
5593444,Becky,Lewis
5603237,Kathryn,Meza
5605012,Cynthia,Tilford
5607567,Jose,Smith
5609743,John,Trent
5610084,Frank,Hesley
5618890,Matthew,Buckner
5626860,Connie,Lincoln
5657376,Gertude,Hamilton
5664601,Brian,Schinkel
5669863,Jospeh,Grier
5680137,Jesse,Daugherty
5681119,Arthur,Alexander
5711123,Joseph,Burnette
5712650,Clara,Hebert
5742050,Alejandro,Tabisula
5774777,Alexander,Bergeron
5777190,Joy,Alger
5783141,Rex,Stewart
5805333,Scott,Hayek
5824957,Mae,Alexander
5839683,Dana,Coleman
5848192,Walter,Davis
5853502,Myrtis,Kendrick
5854600,Margaret,Millet
5857503,Renee,Halls
5858528,Christopher,Ryburn
5860256,Julio,Barras
5871375,Clarence,Doyle
5885903,Gregory,Heidler
5909002,Helen,Lara
5909106,Joanne,Crane
5912338,Clinton,Kelly
5914539,Yvonne,Burt
5916118,Edward,Luna
5926838,Thomas,Smith
5930868,Bruce,Shiro
5939638,Anne,Tucker
5956647,Valerie,Holt
5969454,Miguel,Iuliucci
5969980,Eric,Barker
5995411,Alison,Haney
5998143,Mark,Peterson
6010096,Kimberly,Neveu
6018080,Sherry,Springfield
6031731,Hubert,Ingle
6042961,John,Rohm
6069180,Deborah,Collins
6073326,Jacob,Perez
6079848,Ronald,Coppock
6086828,Willard,Carpenter
6087497,Kimberly,Humiston
6090055,Olga,Hyde
6093024,Salvador,Vonstein
6105426,Elizabeth,Eaton
6112303,Inocencia,Conner
6124213,Ryan,Witham
6128218,Dominique,Baxter
6131837,Ashley,Goodrum
6138368,David,Mcrae
6147648,Diane,Hall
6177995,Jason,Ansley
6199146,Jorge,Davanzo
6211285,Lucille,Gattison
6218547,John,Brubaker
6230812,Andrew,Kelley
6231231,Andrew,Cuffe
6239481,Oscar,Halsey
6241013,Gonzalo,Belzer
6268344,Raymond,Tremblay
6270016,Carol,Perry
6283892,Chloe,Mitchell
6292534,Bernadette,Crawford
6305338,Violet,Gloor
6307337,Mary,Tyson
6308227,Sylvia,Baker
6311062,John,Dangelo
6323377,Jessica,Arnold
6333164,Norma,Adams
6345683,Christopher,Perez
6345728,Robert,Priest
6349844,Jerry,Turner
6352914,Rafael,Sarro
6354985,Alan,Tolles
6364182,Joseph,Mcgilvray
6365012,Heather,Valencia
6378098,Betty,Brown
6378246,Aaron,Lyman
6389174,Gerald,Bunch
6394421,John,Nelson
6400162,Todd,Easter
6405440,Stephen,Roberts
6409064,Angela,Santiago
6420665,Peggy,Payne
6422714,Elaine,Jordan
6438143,Teri,Odonnell
6444809,Thomas,Otoole
6460522,Carol,Molina
6475189,Linda,Downing
6476103,Rita,Mascaro
6476691,Nina,Martin
6482173,Theodore,Arnot
6483374,Beatrice,Almonte
6487347,Martha,Hill
6497467,Jermaine,Short
6513471,Lisa,Houser
6520275,Michael,Ferrufino
6520306,Zachary,Mcgrath
6530266,Lillian,Hayden
6532868,Patricia,Whitacre
6540457,Francis,Phipps
6544548,Allan,Jackson
6604941,Dewayne,Mantini
6628725,Leah,Ives
6630889,Kenneth,Clement
6636364,Pat,Martel
6640671,Connie,Walden
6640678,Vickie,Johnson
6666372,Sheila,Marvin
6669325,Michael,Matthews
6673770,Hollie,Caggiano
6692260,Theodore,Hallman
6695596,Daniel,Lannon
6697032,Austin,Dickerson
6702833,Theresa,Brown
6713450,Robert,Gove
6730282,Kevin,Gordon
6743689,Richard,Denson
6755178,David,Harman
6774594,Lonnie,Oldfather
6791269,David,Nikolic
6794764,Milton,Teston
6804408,Susan,Kirkpatrick
6804998,Frank,Lutz
6814094,Shannon,Maertz
6831927,Laura,Morris
6835226,William,Tarrant
6835365,Kevin,Threlkeld
6844120,Charles,Westphal
6850270,David,Ryan
6853871,Mary,Patron
6854372,Juanita,Shaw
6855055,Brian,Contreras
6872392,Maria,Yusef
6872948,Fawn,Armentrout
6876968,Margaret,Jordan
6896565,Oscar,Hollowell
6897527,Arthur,Smith
6912580,Jeffrey,Bean
6912659,Jason,Nottage
6915449,Thomas,Mcdaniel
6918568,Louise,Hollingsworth
6935183,Joyce,Nation
6941983,Evelyn,Haskins
6958358,Angela,Majera
6966573,Yong,Bundy
6977183,William,Arkenberg
6978623,Sergio,Sandstrom
6992127,Floyd,Taylor
6996181,James,Thomas
7000172,Karissa,Malott
7003130,Robert,Tyree
7015420,Marcelino,Halton
7039261,Michael,Hayes
7048512,Clair,Dwight
7055316,Beulah,Gobel
7071572,Kathleen,Pete
7077798,Susan,Brandt
7082795,Albert,Bienfang
7086275,Patricia,Raxter
7091326,Charles,Cox
7102515,Judith,Omar
7106178,Michael,Norrod
7113793,Kia,Strelow
7135977,Mabel,Cruz
7136870,Tennille,Pizzo
7137659,Charles,Rice
7147361,Harold,Dodson
7148408,Ashley,Stuckey
7157528,Jose,Cisneros
7159723,Rhonda,Mandrell
7172311,Joan,Crist
7192608,Judith,Wiggins
7193138,Bill,Pinnock
7195559,Melvin,Ferguson
7203178,Joseph,Smith
7239498,Carlos,Hooker
7252831,Jason,Thrasher
7262103,Betty,Belcher
7277287,Dominic,Baugh
7278580,Anna,Largent
7280087,Clinton,Kappel
7313617,Lance,Ruiz
7325913,Glen,Lopez
7326115,Lisa,Jamal
7335232,Gladys,Soffel
7349814,Betty,Baker
7367176,Joseph,Woodring
7372482,Michele,Mcmahan
7372909,Abel,White
7373346,Theodore,Neal
7393457,Willie,Diaz
7395914,Cody,Defabio
7407320,Kathy,Lutz
7414374,Marcus,Williams
7449668,Angela,Jump
7469898,Mike,Simmons
7486577,Jeremy,Tape
7487158,Adam,Simms
7490066,Sheila,Edwards
7490358,Agatha,Bingham
7531135,Patrick,Walker
7538319,Ronald,Porcelli
7538583,Brenda,Mitchell
7547428,Sara,Gerwitz
7548082,Lucy,Clark
7565348,Lorraine,Reyes
7568809,Marsha,Strauss
7570600,Stephen,Wooten
7585758,Tyler,Allen
7591917,Yolanda,Seal
7613301,David,Siegrist
7626984,Krystal,Clark
7630242,Thelma,Briggs
7631791,Joseph,Sims
7632677,Ronald,Stewart
7634590,Dylan,Watkins
7635684,Robert,Lockman
7644719,Sean,Walton
7654916,Billy,Williams
7663309,Scott,Keith
7665902,Lucy,Peebles
7673075,Jose,Burr
7678106,Rodger,Goodwin
7682676,Ronnie,Blasko
7700852,George,Beck
7711733,Kenneth,Rothstein
7712625,Gregory,Massey
7713965,Nohemi,Dozier
7723670,Jonathan,Joseph
7726223,Daisy,Palmer
7727642,Shirley,Colella
7729498,George,Smith
7735893,Helen,Walsh
7738911,Allen,Zak
7768604,Lawanda,Allard
7769319,William,Wheeler
7794216,Madelyn,Howerton
7812448,Brenda,Long
7812654,Michael,Drew
7822746,Jennifer,Gillespie
7827344,Jared,Matteo
7830367,Christian,Mcfarland
7836169,Donald,Zambrano
7841777,Ashley,Chiaramonte
7846546,Kevin,Wiederwax
7852631,Sylvia,Gendel
7858990,Diana,Vue
7861794,Edna,Tieng
7880365,John,Garcia
7882555,Mary,Bokor
7903399,Micheal,Sheehy
7906565,Joy,Blair
7906730,Marilyn,Vonbraunsberg
7911449,Terri,Amorosi
7935836,Kay,Kelly
7942147,Beverly,Sherry
7942785,James,Hernandez
7946392,Harry,Brown
7949327,Barry,Cinotti
7953028,Elizabeth,Arriaga
7973414,Minnie,Sale
7984033,Katherine,Johnson
8003308,Joann,Holley
8034624,Louis,Vue
8051905,Carolyn,Diamond
8054659,Jean,Oneill
8063100,Jeffery,Bowman
8063689,Brian,Jarvis
8064448,Jeffery,Emery
8075522,Harlan,Price
8076420,Gerald,Sumrall
8090436,Herman,Freeman
8101863,Dorothea,Moyer
8119738,Chana,Wayland
8139507,Richard,Cacciatori
8143808,Sarah,Stewart
8150325,Margaret,Green
8160425,Pasquale,Springer
8168899,James,Morrison
8195895,Mandy,Smith
8206354,Natalie,Culliton
8206897,Elizabeth,Camire
8212981,Edward,Creveling
8217903,Jennifer,Horton
8221143,Patricia,Quezada
8230874,Clarice,Blakes
8260898,John,Surface
8288410,John,Holland
8293074,John,Jaquez
8299682,Mary,Mcdonough
8301367,Maryellen,Webb
8319361,Morgan,Kelley
8326221,Barbara,Guy
8330581,Harold,Lopez
8341846,Rowena,Thompson
8344575,Brenda,Carter
8350409,Alan,Tables
8353064,Carol,Wallace
8374647,David,Kisler
8395101,Rebecca,Carroll
8398044,Deborah,Rainey
8399868,Jonathon,Erwin
8402746,Thomas,Garcia
8416037,James,Giles
8436455,Robert,Smith
8453825,Betty,Russell
8454522,Lloyd,Manning
8454804,Samuel,Apel
8464601,Johnnie,Rivera
8464742,Kimberly,Wait
8475013,Milton,Dargie
8475904,Jane,Brigham
8477706,Andrew,Villagomez
8478251,Lillian,Brown
8481062,Elaine,Malone
8483795,David,Hawkins
8496114,Charles,Burrow
8496196,Lucille,Harris
8504428,Rhonda,Smith
8504867,Dorothy,Hauptman
8520309,Karen,Peterson
8535263,Billie,Wolfgram
8543355,Shelley,Boone
8545586,Janet,Mailman
8552900,Richard,Hatcher
8591472,Angela,Conway
8600513,Rodney,Kuehn
8605243,Donald,Martinez
8615588,Minerva,Taormina
8617970,Joseph,Aguilera
8619053,Donna,Ackerman
8619766,John,Foxx
8623602,Christopher,Wolfrom
8627496,William,Gonzales
8629977,Alycia,Watkins
8653061,Matthew,Demars
8661612,Barbara,Mauro
8686345,Elaine,Whisnant
8691262,Deborah,Fontaine
8709293,Freda,Doughty
8718144,Irene,Lane
8720362,Jeffrey,Armstrong
8729067,Wilma,Lindsey
8741124,Mark,Pearson
8752654,Kevin,Pilling
8762395,Catherine,Edlin
8775786,John,Higgins
8784937,Perry,Champion
8787075,Lorinda,Mcmanus
8788098,Dan,Valenti
8791382,Ronald,Seevers
8793552,Matthew,Alcazar
8805157,Edward,Oram
8809017,John,Wilson
8838723,Andre,Bellamy
8843966,Joe,Westley
8846102,Terry,Cyrus
8858688,Ken,Lubin
8863416,Gladys,Powell
8888817,Sandra,Hennessey
8895639,William,Hanna
8902437,Ethel,Jones
8911770,Paula,Comley
8911923,Robert,Shepherd
8929224,John,Baker
8957202,Kathy,Lee
8977842,Alaine,Franklin
8985996,Chris,Watt
9012921,Patrick,Braatz
9014249,Alton,Roman
9042482,Rosemary,Love
9052428,Scott,Benitez
9063985,David,Dent
9065588,Guillermo,Serrano
9068206,Christopher,Payne
9071386,Douglas,Campbell
9101448,Michael,Blakney
9108362,Gus,Johnson
9129051,Maggie,Claybrook
9132318,Rodney,Pittman
9152701,Joyce,Fraser
9158657,Dominic,Hudson
9164956,Nancy,Gray
9168111,Leona,Oglesbee
9172677,Linda,Estrada
9187100,William,Wilson
9188058,Michael,Ward
9191767,Larry,Gourley
9193487,Francis,Richardson
9195837,Dion,Gibson
9204382,Elizabeth,Mccracken
9222746,John,Murphy
9240311,Gerard,Brown
9240872,Nicholas,Rogers
9254994,Pam,Shirley
9279516,Michael,Spencer
9286386,Vivian,Martin
9291679,Patricia,Aponte
9297090,Afton,Self
9300309,Ashley,Langley
9300970,Brian,Dreesman
9311484,Shari,Sakamoto
9331164,Noelle,Mcfadden
9337046,Mack,Pinkston
9367874,Richard,Perez
9368334,Fred,Boldenow
9393250,John,Stjohn
9407203,Barbara,Morris
9410674,Muriel,Consla
9411708,Lloyd,Stewart
9426923,Kevin,Menard
9441369,Simone,Trippel
9443614,Ashley,Taylor
9453923,Emily,Jones
9488046,Harold,Waszkiewicz
9494523,Pamela,Patterson
9505814,Carol,Stanley
9506674,William,Doss
9516408,Lorena,Thompson
9525731,Harold,Hume
9535890,Richard,Thigpen
9544655,Dorothy,Hagens
9553146,Barry,Williams
9553373,Frank,Napier
9573608,Jesus,Orloff
9581363,Samantha,Dube
9582294,Angelina,Carter
9584860,Lilly,Mcfolley
9589250,Gary,Harp
9589591,Todd,Hogue
9600763,Abigail,See
9612277,Valerie,Maki
9617839,Krystal,Heath
9623479,Lucille,Moore
9640311,Gloria,Stonerock
9648294,Bonnie,Anzalone
9658070,William,Cox
9662335,Susan,Nelson
9665693,Tyler,Jobe
9666397,Andre,Lanasa
9678456,Nellie,Brown
9688670,Nancy,Robinson
9688980,Stephanie,Mclean
9706118,Pauline,Slaughter
9706894,Vicki,Carlson
9712702,Michael,Dupont
9731873,Gerald,Patterson
9734932,Randolph,Benoit
9746719,Elizabeth,Davis
9779983,Lisa,Heinbach
9785743,Colleen,Mcferren
9788302,Edna,Hilburn
9789078,James,Jackson
9791230,Arielle,Webb
9791666,Tisha,Holland
9802269,Shawna,Murphrey
9805723,Rose,Hicks
9808450,Muriel,Tatsch
9829907,Jackie,Hedtke
9840549,Marilyn,Ellis
9840897,Diane,Harris
9842674,Delaine,Erickson
9847709,Cynthia,Pharris
9853467,Allan,Riggs
9868668,Brice,Grisham
9870448,Concetta,Jones
9875436,Erin,Fetterhoff
9876856,Alfredo,Sindorf
9891338,Jeff,Anderson
9894198,James,Vest
9911461,Danielle,Bulson
9913328,Latanya,Donnelly
9918829,Mark,Ballintyn
9922858,Sam,Spurbeck
9928583,George,Conwell
9935793,Nancy,Esqueda
9939970,Donna,Wilson
9941362,Heather,Cha
9949858,Glenda,Charles
9952816,Denny,Tutt
9953588,Marian,Houseal
9954769,Richard,Heefner
9961533,Elaine,Lytle
9971632,Kevin,Hoffman
9981837,Major,Sisk
9992023,Amanda,Ruvalcaba
